INSERT INTO Code (CodeID, Author, CreationDate, ModificationDate, Name, Description, Behavior) VALUES ('137108541361182247437407','Administrator',1182247437407,1182247437407,'^_ld^task_^','No Description','No Behavior')
INSERT INTO Code (CodeID, Author, CreationDate, ModificationDate, Name, Description, Behavior) VALUES ('169254221183024392174','Administrator',1183024392174,1183024392174,'^_ld^activity_^','No Description','No Behavior')
INSERT INTO Code (CodeID, Author, CreationDate, ModificationDate, Name, Description, Behavior) VALUES ('169254221183024468509','Administrator',1183024468509,1183024468509,'^_ld^assignment_^','No Description','No Behavior')
INSERT INTO Code (CodeID, Author, CreationDate, ModificationDate, Name, Description, Behavior) VALUES ('169254221183024494032','Administrator',1183024494032,1183024494032,'^_ld^output_^','No Description','No Behavior')
INSERT INTO Code (CodeID, Author, CreationDate, ModificationDate, Name, Description, Behavior) VALUES ('169254221183024509828','Administrator',1183024509828,1183024509828,'^_ld^resource_^','No Description','No Behavior')
INSERT INTO Code (CodeID, Author, CreationDate, ModificationDate, Name, Description, Behavior) VALUES ('169254221183024535695','Administrator',1183024535695,1183024535695,'^_ld^role_^','No Description','No Behavior')
INSERT INTO Code (CodeID, Author, CreationDate, ModificationDate, Name, Description, Behavior) VALUES ('169254221183024627481','Administrator',1183024627481,1183024627481,'^_ld^vle^tool_^','No Description','No Behavior')
INSERT INTO Code (CodeID, Author, CreationDate, ModificationDate, Name, Description, Behavior) VALUES ('137108541361193928941913','Administrator',1193928941913,1193928941913,'^_ld^vle^tool_blog^','No Description','No Behavior')
INSERT INTO Code (CodeID, Author, CreationDate, ModificationDate, Name, Description, Behavior) VALUES ('137108541361193928982735','Administrator',1193928982735,1193928982735,'^_ld^vle^tool_ep^','No Description','No Behavior')
INSERT INTO Code (CodeID, Author, CreationDate, ModificationDate, Name, Description, Behavior) VALUES ('137108541361193929001538','Administrator',1193929001538,1193929001538,'^_ld^vle^tool_forum^','No Description','No Behavior')
INSERT INTO Code (CodeID, Author, CreationDate, ModificationDate, Name, Description, Behavior) VALUES ('137108541361193929010689','Administrator',1193929010689,1193929010689,'^_ld^vle^tool_im^','No Description','No Behavior')
INSERT INTO Code (CodeID, Author, CreationDate, ModificationDate, Name, Description, Behavior) VALUES ('137108541361193929020138','Administrator',1193929020138,1193929020138,'^_ld^vle^tool_podcast^','No Description','No Behavior')
INSERT INTO Code (CodeID, Author, CreationDate, ModificationDate, Name, Description, Behavior) VALUES ('137108541361193929030117','Administrator',1193929030117,1193929030117,'^_ld^vle^tool_sim^','No Description','No Behavior')
INSERT INTO Code (CodeID, Author, CreationDate, ModificationDate, Name, Description, Behavior) VALUES ('137108541361193929044672','Administrator',1193929044672,1193929044672,'^_ld^vle^tool_vw^','No Description','No Behavior')
INSERT INTO Code (CodeID, Author, CreationDate, ModificationDate, Name, Description, Behavior) VALUES ('137108541361193929054588','Administrator',1193929054588,1193929054588,'^_ld^vle^tool_wiki^','No Description','No Behavior')
INSERT INTO Code (CodeID, Author, CreationDate, ModificationDate, Name, Description, Behavior) VALUES ('137108541361202921218680','Administrator',1202921218680,1202921218680,'^_ld^vle^tool_other^','No Description','No Behavior')
INSERT INTO Code (CodeID, Author, CreationDate, ModificationDate, Name, Description, Behavior) VALUES ('137108541361193929086804','Administrator',1193929086804,1193929086804,'^_ld^role_^student^','No Description','No Behavior')
INSERT INTO Code (CodeID, Author, CreationDate, ModificationDate, Name, Description, Behavior) VALUES ('137108541361193929096424','Administrator',1193929096424,1193929096424,'^_ld^role_^tutor^','No Description','No Behavior')
INSERT INTO Code (CodeID, Author, CreationDate, ModificationDate, Name, Description, Behavior) VALUES ('137108541361193929104888','Administrator',1193929104888,1193929104888,'^_ld^role_^group^','No Description','No Behavior')
INSERT INTO Code (CodeID, Author, CreationDate, ModificationDate, Name, Description, Behavior) VALUES ('137108541361201866804668','Administrator',1201194323363,1201194357054,'^_ld^true_^','No Description','No Behavior')
INSERT INTO Code (CodeID, Author, CreationDate, ModificationDate, Name, Description, Behavior) VALUES ('137108541361201866804715','Administrator',1201194373884,1201194373884,'^_ld^false_^','No Description','No Behavior')
INSERT INTO Code (CodeID, Author, CreationDate, ModificationDate, Name, Description, Behavior) VALUES ('137108541361201866804762','Administrator',1201194301002,1201194301002,'^_ld^condition_^','No Description','No Behavior')
INSERT INTO Code (CodeID, Author, CreationDate, ModificationDate, Name, Description, Behavior) VALUES ('137108541361201188198715','No Description',1201188198715,1201188198715,'^_ld^stop_^','No Behavior','Administrator')

INSERT INTO CodeGroup (CodeGroupID, Author, Name, Description, CreationDate, ModificationDate) VALUES ('137108541361194622195292','Administrator','Learning design sub-types','',1194622195292,1194622195292)
INSERT INTO CodeGroup (CodeGroupID, Author, Name, Description, CreationDate, ModificationDate) VALUES ('137108541361203436027328','Administrator','Learning design','',1203436027328,1203436027328)
INSERT INTO CodeGroup (CodeGroupID, Author, Name, Description, CreationDate, ModificationDate) VALUES ('137108541361203436092976','Administrator','Learning design conditions','',1203436092976,1203436092976)

INSERT INTO GroupCode (CodeID, CodeGroupID, Author, CreationDate, ModificationDate) VALUES ('137108541361193929104888','137108541361194622195292','Administrator',1194622215930,1194622215930)
INSERT INTO GroupCode (CodeID, CodeGroupID, Author, CreationDate, ModificationDate) VALUES ('137108541361193929096424','137108541361194622195292','Administrator',1194622215930,1194622215930)
INSERT INTO GroupCode (CodeID, CodeGroupID, Author, CreationDate, ModificationDate) VALUES ('137108541361193929086804','137108541361194622195292','Administrator',1194622215930,1194622215930)
INSERT INTO GroupCode (CodeID, CodeGroupID, Author, CreationDate, ModificationDate) VALUES ('137108541361193928941913','137108541361194622195292','Administrator',1194622228175,1194622228175)
INSERT INTO GroupCode (CodeID, CodeGroupID, Author, CreationDate, ModificationDate) VALUES ('137108541361193929054588','137108541361194622195292','Administrator',1194622228175,1194622228175)
INSERT INTO GroupCode (CodeID, CodeGroupID, Author, CreationDate, ModificationDate) VALUES ('137108541361193929044672','137108541361194622195292','Administrator',1194622228175,1194622228175)
INSERT INTO GroupCode (CodeID, CodeGroupID, Author, CreationDate, ModificationDate) VALUES ('137108541361193929030117','137108541361194622195292','Administrator',1194622228175,1194622228175)
INSERT INTO GroupCode (CodeID, CodeGroupID, Author, CreationDate, ModificationDate) VALUES ('137108541361193929020138','137108541361194622195292','Administrator',1194622228175,1194622228175)
INSERT INTO GroupCode (CodeID, CodeGroupID, Author, CreationDate, ModificationDate) VALUES ('137108541361193929010689','137108541361194622195292','Administrator',1194622228175,1194622228175)
INSERT INTO GroupCode (CodeID, CodeGroupID, Author, CreationDate, ModificationDate) VALUES ('137108541361193929001538','137108541361194622195292','Administrator',1194622228175,1194622228175)
INSERT INTO GroupCode (CodeID, CodeGroupID, Author, CreationDate, ModificationDate) VALUES ('137108541361193928982735','137108541361194622195292','Administrator',1194622228175,1194622228175)
INSERT INTO GroupCode (CodeID, CodeGroupID, Author, CreationDate, ModificationDate) VALUES ('137108541361202921218680','137108541361194622195292','Administrator',1202921245709,1202921245709)
INSERT INTO GroupCode (CodeID, CodeGroupID, Author, CreationDate, ModificationDate) VALUES ('169254221183024392174','137108541361203436027328','Administrator',1203436071068,1203436071068)
INSERT INTO GroupCode (CodeID, CodeGroupID, Author, CreationDate, ModificationDate) VALUES ('169254221183024468509','137108541361203436027328','Administrator',1203436071068,1203436071068)
INSERT INTO GroupCode (CodeID, CodeGroupID, Author, CreationDate, ModificationDate) VALUES ('169254221183024509828','137108541361203436027328','Administrator',1203436071068,1203436071068)
INSERT INTO GroupCode (CodeID, CodeGroupID, Author, CreationDate, ModificationDate) VALUES ('169254221183024535695','137108541361203436027328','Administrator',1203436071068,1203436071068)
INSERT INTO GroupCode (CodeID, CodeGroupID, Author, CreationDate, ModificationDate) VALUES ('137108541361182247437407','137108541361203436027328','Administrator',1203436071068,1203436071068)
INSERT INTO GroupCode (CodeID, CodeGroupID, Author, CreationDate, ModificationDate) VALUES ('169254221183024627481','137108541361203436027328','Administrator',1203436071068,1203436071068)
INSERT INTO GroupCode (CodeID, CodeGroupID, Author, CreationDate, ModificationDate) VALUES ('169254221183024494032','137108541361203436027328','Administrator',1203436071068,1203436071068)
INSERT INTO GroupCode (CodeID, CodeGroupID, Author, CreationDate, ModificationDate) VALUES ('137108541361201866804668','137108541361203436092976','Administrator',1203436103900,1203436103900)
INSERT INTO GroupCode (CodeID, CodeGroupID, Author, CreationDate, ModificationDate) VALUES ('137108541361201866804715','137108541361203436092976','Administrator',1203436103900,1203436103900)
INSERT INTO GroupCode (CodeID, CodeGroupID, Author, CreationDate, ModificationDate) VALUES ('137108541361201866804762','137108541361203436092976','Administrator',1203436103900,1203436103900)
INSERT INTO GroupCode (CodeID, CodeGroupID, Author, CreationDate, ModificationDate) VALUES ('137108541361201188198715','137108541361203436027328','Administrator',1203436116776,1203436116776)

