INSERT INTO System (Property, Contents) VALUES ('version','1.5.1')
INSERT INTO System (Property, Contents) VALUES ('codegroup','0')
INSERT INTO System (Property, Contents) VALUES ('linkgroup','169254221179416221967')

INSERT INTO Users (UserID, Author, CreationDate, ModificationDate, Login, Name, Password, Description, HomeView, IsAdministrator, CurrentStatus, LinkView) VALUES ('1234567890','Administrator',916762451875,916762451875,'administrator','Administrator','sysadmin','administrator for PC','1282093118916762292406','Y',0,'137108251921158582336554')

INSERT INTO Node (NodeID, Author, CreationDate, ModificationDate, NodeType, OriginalID, ExtendedNodeType, Label, Detail, CurrentStatus, LastModAuthor) VALUES ('1282093118916762292406','Administrator',916762292406,916762292406,2,'','0','Home Window','Home Window of Administrator',0,'Administrator')
INSERT INTO Node (NodeID, Author, CreationDate, ModificationDate, NodeType, OriginalID, ExtendedNodeType, Label, Detail, CurrentStatus, LastModAuthor) VALUES ('137108481891264082723860','Administrator',1264070698539,1264082724142,2,'','','How do I get started with CompendiumLD?','',0,'Administrator')
INSERT INTO Node (NodeID, Author, CreationDate, ModificationDate, NodeType, OriginalID, ExtendedNodeType, Label, Detail, CurrentStatus, LastModAuthor) VALUES ('137108481891264082724235','Administrator',1264070870068,1264093363923,9,'','','Tutorial One: Getting familiar with the screen layout and navigation','',0,'Administrator')
INSERT INTO Node (NodeID, Author, CreationDate, ModificationDate, NodeType, OriginalID, ExtendedNodeType, Label, Detail, CurrentStatus, LastModAuthor) VALUES ('137108481891264082724376','Administrator',1264070721460,1264082724517,3,'','','How do I get started with CompendiumLD?','',0,'Administrator')
INSERT INTO Node (NodeID, Author, CreationDate, ModificationDate, NodeType, OriginalID, ExtendedNodeType, Label, Detail, CurrentStatus, LastModAuthor) VALUES ('137108481891264082724564','Administrator',1264070934239,1264162504858,9,'','','Tutorial Three: Using mapping to describe a design and as part of the design process','',0,'Administrator')
INSERT INTO Node (NodeID, Author, CreationDate, ModificationDate, NodeType, OriginalID, ExtendedNodeType, Label, Detail, CurrentStatus, LastModAuthor) VALUES ('137108481891264082724595','Administrator',1264071455459,1264162787231,9,'','','Overview of CompendiumLD ','',0,'Administrator')
INSERT INTO Node (NodeID, Author, CreationDate, ModificationDate, NodeType, OriginalID, ExtendedNodeType, Label, Detail, CurrentStatus, LastModAuthor) VALUES ('137108481891264082724610','Administrator',1264070892021,1264162484889,9,'','','Tutorial Two: Exploring maps and understanding nodes and how to use them ','',0,'Administrator')
INSERT INTO Node (NodeID, Author, CreationDate, ModificationDate, NodeType, OriginalID, ExtendedNodeType, Label, Detail, CurrentStatus, LastModAuthor) VALUES ('137108481891264082724657','Administrator',1264071627085,1264163087589,9,'','','Examples and other information from the CompendiumLD website','',0,'Administrator')
INSERT INTO Node (NodeID, Author, CreationDate, ModificationDate, NodeType, OriginalID, ExtendedNodeType, Label, Detail, CurrentStatus, LastModAuthor) VALUES ('137108481891264091022902','Administrator',1264091022902,1264091041653,4,'','','Work through our  step-by-step tutorials','',0,'Administrator')
INSERT INTO Node (NodeID, Author, CreationDate, ModificationDate, NodeType, OriginalID, ExtendedNodeType, Label, Detail, CurrentStatus, LastModAuthor) VALUES ('137108481891264091123171','Administrator',1264091123171,1264092338316,4,'','','Watch one of the demonstration videos or slideshows about the software','',0,'Administrator')
INSERT INTO Node (NodeID, Author, CreationDate, ModificationDate, NodeType, OriginalID, ExtendedNodeType, Label, Detail, CurrentStatus, LastModAuthor) VALUES ('137108481891264091163907','Administrator',1264091163907,1264091174579,4,'','','Read or print out our Quick Guides','',0,'Administrator')
INSERT INTO Node (NodeID, Author, CreationDate, ModificationDate, NodeType, OriginalID, ExtendedNodeType, Label, Detail, CurrentStatus, LastModAuthor) VALUES ('137108481891264091714574','Administrator',1264091714574,1264162800622,9,'','','CompendiumLD quick start and reference guide','',0,'Administrator')
INSERT INTO Node (NodeID, Author, CreationDate, ModificationDate, NodeType, OriginalID, ExtendedNodeType, Label, Detail, CurrentStatus, LastModAuthor) VALUES ('137108481891264092283222','Administrator',1264092283222,1264092377816,9,'','','Getting started with CompendiumLD','A slide and video show hosted on Sldeshare and Youtube.',0,'Administrator')
INSERT INTO Node (NodeID, Author, CreationDate, ModificationDate, NodeType, OriginalID, ExtendedNodeType, Label, Detail, CurrentStatus, LastModAuthor) VALUES ('137108481891264093451221','Administrator',1264093451221,1264093479299,9,'','','A step-by-step walk through of how CompendiumLD can be used to build and refine a design ','',0,'Administrator')
INSERT INTO Node (NodeID, Author, CreationDate, ModificationDate, NodeType, OriginalID, ExtendedNodeType, Label, Detail, CurrentStatus, LastModAuthor) VALUES ('137108481891264162899637','Administrator',1264162899637,1264163020058,9,'','','More tutorials on the CompendiumLD website: double click this link to see additional tutorials ','',0,'Administrator')
INSERT INTO Node (NodeID, Author, CreationDate, ModificationDate, NodeType, OriginalID, ExtendedNodeType, Label, Detail, CurrentStatus, LastModAuthor) VALUES ('137108481891264163712004','Administrator',1264163712004,1264163837400,9,'','','Summary of the Stencils and Node types','',0,'Administrator')

INSERT INTO ReferenceNode (NodeID, Source, ImageSource, ImageWidth, ImageHeight) VALUES ('137108481891264082723860','','',0,0)
INSERT INTO ReferenceNode (NodeID, Source, ImageSource, ImageWidth, ImageHeight) VALUES ('137108481891264082724235','http://compendiumld.open.ac.uk/documentation/version1.0/tutorials/html/tutorial-1.html','',0,0)
INSERT INTO ReferenceNode (NodeID, Source, ImageSource, ImageWidth, ImageHeight) VALUES ('137108481891264082724564','http://compendiumld.open.ac.uk/documentation/version1.0/tutorials/html/tutorial-3.html','',0,0)
INSERT INTO ReferenceNode (NodeID, Source, ImageSource, ImageWidth, ImageHeight) VALUES ('137108481891264082724595','http://compendiumld.open.ac.uk/documentation/version1.0/QuickRefGuides/CompendiumLD-briefing-paper.pdf','System/resources/ReferenceNodeIcons/acrobat.gif',0,0)
INSERT INTO ReferenceNode (NodeID, Source, ImageSource, ImageWidth, ImageHeight) VALUES ('137108481891264082724610','http://compendiumld.open.ac.uk/documentation/version1.0/tutorials/html/tutorial-2.html','',0,0)
INSERT INTO ReferenceNode (NodeID, Source, ImageSource, ImageWidth, ImageHeight) VALUES ('137108481891264082724657','http://compendiumld.open.ac.uk/documentation.html','',0,0)
INSERT INTO ReferenceNode (NodeID, Source, ImageSource, ImageWidth, ImageHeight) VALUES ('137108481891264091714574','http://compendiumld.open.ac.uk/documentation/version1.0/QuickRefGuides/userguide.pdf','System/resources/ReferenceNodeIcons/acrobat.gif',0,0)
INSERT INTO ReferenceNode (NodeID, Source, ImageSource, ImageWidth, ImageHeight) VALUES ('137108481891264092283222','http://www.slideshare.net/andrew_x/getting-started-with-compendium-ld-version-1','',0,0)
INSERT INTO ReferenceNode (NodeID, Source, ImageSource, ImageWidth, ImageHeight) VALUES ('137108481891264093451221','http://www.slideshare.net/OUDLI/designing-in-cld-08','',0,0)
INSERT INTO ReferenceNode (NodeID, Source, ImageSource, ImageWidth, ImageHeight) VALUES ('137108481891264162899637','http://compendiumld.open.ac.uk/documentation/version1.0/tutorials/','',0,0)
INSERT INTO ReferenceNode (NodeID, Source, ImageSource, ImageWidth, ImageHeight) VALUES ('137108481891264163712004','http://compendiumld.open.ac.uk/documentation/version1.0/QuickRefGuides/Stencils%20and%20nodes.pdf','System/resources/ReferenceNodeIcons/acrobat.gif',0,0)

INSERT INTO Code (CodeID, Author, CreationDate, ModificationDate, Name, Description, Behavior) VALUES ('1282093118927906450859','Administrator',927906450859,927906450859,'openissue','No Description','No Behavior')
INSERT INTO Code (CodeID, Author, CreationDate, ModificationDate, Name, Description, Behavior) VALUES ('1282093118927906458109','Administrator',927906458109,927906458109,'actionitem','No Description','No Behavior')
INSERT INTO Code (CodeID, Author, CreationDate, ModificationDate, Name, Description, Behavior) VALUES ('1282093118927906463484','Administrator',927906463484,927906463484,'open','No Description','No Behavior')
INSERT INTO Code (CodeID, Author, CreationDate, ModificationDate, Name, Description, Behavior) VALUES ('1282093118927906467468','Administrator',927906467468,927906467468,'closed','No Description','No Behavior')
INSERT INTO Code (CodeID, Author, CreationDate, ModificationDate, Name, Description, Behavior) VALUES ('1282093118927906472156','Administrator',927906472156,927906472156,'task','No Description','No Behavior')
INSERT INTO Code (CodeID, Author, CreationDate, ModificationDate, Name, Description, Behavior) VALUES ('1282093118927906476515','Administrator',927906476515,927906476515,'role','No Description','No Behavior')
INSERT INTO Code (CodeID, Author, CreationDate, ModificationDate, Name, Description, Behavior) VALUES ('1282093118927906481859','Administrator',927906481859,927906481859,'object','No Description','No Behavior')
INSERT INTO Code (CodeID, Author, CreationDate, ModificationDate, Name, Description, Behavior) VALUES ('1282093118927906488593','Administrator',927906488593,927906488593,'group','No Description','No Behavior')
INSERT INTO Code (CodeID, Author, CreationDate, ModificationDate, Name, Description, Behavior) VALUES ('1282093118927906497046','Administrator',927906497046,927906497046,'communication','No Description','No Behavior')
INSERT INTO Code (CodeID, Author, CreationDate, ModificationDate, Name, Description, Behavior) VALUES ('1282093118927906501421','Administrator',927906501421,927906501421,'resource','No Description','No Behavior')
INSERT INTO Code (CodeID, Author, CreationDate, ModificationDate, Name, Description, Behavior) VALUES ('1282093118927906526218','Administrator',927906526218,927906526218,'knowledge','No Description','No Behavior')
INSERT INTO Code (CodeID, Author, CreationDate, ModificationDate, Name, Description, Behavior) VALUES ('1282093118927906531500','Administrator',927906531500,927906531500,'location','No Description','No Behavior')
INSERT INTO Code (CodeID, Author, CreationDate, ModificationDate, Name, Description, Behavior) VALUES ('1282093118927906547921','Administrator',927906547921,927906547921,'requirement','No Description','No Behavior')
INSERT INTO Code (CodeID, Author, CreationDate, ModificationDate, Name, Description, Behavior) VALUES ('1282093118927906554437','Administrator',927906554437,927906554437,'problem','No Description','No Behavior')
INSERT INTO Code (CodeID, Author, CreationDate, ModificationDate, Name, Description, Behavior) VALUES ('1282093118927906567250','Administrator',927906567250,927906567250,'opportunity','No Description','No Behavior')
INSERT INTO Code (CodeID, Author, CreationDate, ModificationDate, Name, Description, Behavior) VALUES ('137108541361182247437407','Administrator',1182247437407,1182247437407,'^_ld^task_^','No Description','No Behavior')
INSERT INTO Code (CodeID, Author, CreationDate, ModificationDate, Name, Description, Behavior) VALUES ('169254221183024392174','Administrator',1183024392174,1183024392174,'^_ld^activity_^','No Description','No Behavior')
INSERT INTO Code (CodeID, Author, CreationDate, ModificationDate, Name, Description, Behavior) VALUES ('169254221183024468509','Administrator',1183024468509,1183024468509,'^_ld^assignment_^','No Description','No Behavior')
INSERT INTO Code (CodeID, Author, CreationDate, ModificationDate, Name, Description, Behavior) VALUES ('169254221183024494032','Administrator',1183024494032,1183024494032,'^_ld^output_^','No Description','No Behavior')
INSERT INTO Code (CodeID, Author, CreationDate, ModificationDate, Name, Description, Behavior) VALUES ('169254221183024509828','Administrator',1183024509828,1183024509828,'^_ld^resource_^','No Description','No Behavior')
INSERT INTO Code (CodeID, Author, CreationDate, ModificationDate, Name, Description, Behavior) VALUES ('169254221183024535695','Administrator',1183024535695,1183024535695,'^_ld^role_^','No Description','No Behavior')
INSERT INTO Code (CodeID, Author, CreationDate, ModificationDate, Name, Description, Behavior) VALUES ('169254221183024627481','Administrator',1183024627481,1183024627481,'^_ld^vle^tool_^','No Description','No Behavior')
INSERT INTO Code (CodeID, Author, CreationDate, ModificationDate, Name, Description, Behavior) VALUES ('137108541361193928941913','Administrator',1193928941913,1193928941913,'^_ld^vle^tool_blog^','No Description','No Behavior')
INSERT INTO Code (CodeID, Author, CreationDate, ModificationDate, Name, Description, Behavior) VALUES ('137108541361193928982735','Administrator',1193928982735,1193928982735,'^_ld^vle^tool_ep^','No Description','No Behavior')
INSERT INTO Code (CodeID, Author, CreationDate, ModificationDate, Name, Description, Behavior) VALUES ('137108541361193929001538','Administrator',1193929001538,1193929001538,'^_ld^vle^tool_forum^','No Description','No Behavior')
INSERT INTO Code (CodeID, Author, CreationDate, ModificationDate, Name, Description, Behavior) VALUES ('137108541361193929010689','Administrator',1193929010689,1193929010689,'^_ld^vle^tool_im^','No Description','No Behavior')
INSERT INTO Code (CodeID, Author, CreationDate, ModificationDate, Name, Description, Behavior) VALUES ('137108541361193929020138','Administrator',1193929020138,1193929020138,'^_ld^vle^tool_podcast^','No Description','No Behavior')
INSERT INTO Code (CodeID, Author, CreationDate, ModificationDate, Name, Description, Behavior) VALUES ('137108541361193929030117','Administrator',1193929030117,1193929030117,'^_ld^vle^tool_sim^','No Description','No Behavior')
INSERT INTO Code (CodeID, Author, CreationDate, ModificationDate, Name, Description, Behavior) VALUES ('137108541361193929044672','Administrator',1193929044672,1193929044672,'^_ld^vle^tool_vw^','No Description','No Behavior')
INSERT INTO Code (CodeID, Author, CreationDate, ModificationDate, Name, Description, Behavior) VALUES ('137108541361193929054588','Administrator',1193929054588,1193929054588,'^_ld^vle^tool_wiki^','No Description','No Behavior')
INSERT INTO Code (CodeID, Author, CreationDate, ModificationDate, Name, Description, Behavior) VALUES ('137108541361202921218680','Administrator',1202921218680,1202921218680,'^_ld^vle^tool_other^','No Description','No Behavior')
INSERT INTO Code (CodeID, Author, CreationDate, ModificationDate, Name, Description, Behavior) VALUES ('137108541361193929086804','Administrator',1193929086804,1193929086804,'^_ld^role_^student^','No Description','No Behavior')
INSERT INTO Code (CodeID, Author, CreationDate, ModificationDate, Name, Description, Behavior) VALUES ('137108541361193929096424','Administrator',1193929096424,1193929096424,'^_ld^role_^tutor^','No Description','No Behavior')
INSERT INTO Code (CodeID, Author, CreationDate, ModificationDate, Name, Description, Behavior) VALUES ('137108541361214230387988','Administrator',1214230387988,1214230387988,'^_ld^role_^other^','No Description','No Behavior')
INSERT INTO Code (CodeID, Author, CreationDate, ModificationDate, Name, Description, Behavior) VALUES ('137108541361193929104888','Administrator',1193929104888,1193929104888,'^_ld^role_^group^','No Description','No Behavior')
INSERT INTO Code (CodeID, Author, CreationDate, ModificationDate, Name, Description, Behavior) VALUES ('137108541361201866804668','Administrator',1201194323363,1201194357054,'^_ld^true_^','No Description','No Behavior')
INSERT INTO Code (CodeID, Author, CreationDate, ModificationDate, Name, Description, Behavior) VALUES ('137108541361201866804715','Administrator',1201194373884,1201194373884,'^_ld^false_^','No Description','No Behavior')
INSERT INTO Code (CodeID, Author, CreationDate, ModificationDate, Name, Description, Behavior) VALUES ('137108541361201866804762','Administrator',1201194301002,1201194301002,'^_ld^condition_^','No Description','No Behavior')
INSERT INTO Code (CodeID, Author, CreationDate, ModificationDate, Name, Description, Behavior) VALUES ('137108541361201188198715','No Description',1201188198715,1201188198715,'^_ld^stop_^','No Behavior','Administrator')
INSERT INTO Code (CodeID, Author, CreationDate, ModificationDate, Name, Description, Behavior) VALUES ('137108541361214844076984','No Description',1214844076984,1214844076984,'^_ld^learning_outcome_^','No Behavior','Administrator')
INSERT INTO Code (CodeID, Author, CreationDate, ModificationDate, Name, Description, Behavior) VALUES ('137108541361214844172527','No Description',1214844172527,1214844172527,'^_ld^assessment_^','No Behavior','Administrator')
INSERT INTO Code (CodeID, Author, CreationDate, ModificationDate, Name, Description, Behavior) VALUES ('137108541361205853909187','Administrator',1205853909171,1205853909171,'blended','No Description','No Behavior')
INSERT INTO Code (CodeID, Author, CreationDate, ModificationDate, Name, Description, Behavior) VALUES ('137108541361205854057450','Administrator',1181914698493,1181914698493,'collaboration','No Description','No Behavior')
INSERT INTO Code (CodeID, Author, CreationDate, ModificationDate, Name, Description, Behavior) VALUES ('137108541361214237354962','Administrator',1214237354930,1214237354930,'skills','No Description','No Behavior')
INSERT INTO Code (CodeID, Author, CreationDate, ModificationDate, Name, Description, Behavior) VALUES ('137108481891264071038479','Administrator',1264071038463,1264071038463,'Course code','No Description','No Behavior')

INSERT INTO Link (LinkID, Author, CreationDate, ModificationDate, LinkType, OriginalID, FromNode, ToNode, Label, Arrow, CurrentStatus) VALUES ('137108481891264082724845','Administrator',1264082724845,1264082724845,'39','','137108481891264082724610','137108481891264082724564','',1,0)
INSERT INTO Link (LinkID, Author, CreationDate, ModificationDate, LinkType, OriginalID, FromNode, ToNode, Label, Arrow, CurrentStatus) VALUES ('137108481891264082724892','Administrator',1264082724892,1264082724892,'39','','137108481891264082724235','137108481891264082724610','',1,0)
INSERT INTO Link (LinkID, Author, CreationDate, ModificationDate, LinkType, OriginalID, FromNode, ToNode, Label, Arrow, CurrentStatus) VALUES ('137108481891264082724954','Administrator',1264082724954,1264082724954,'39','','137108481891264082724376','137108481891264082724657','Website',1,0)
INSERT INTO Link (LinkID, Author, CreationDate, ModificationDate, LinkType, OriginalID, FromNode, ToNode, Label, Arrow, CurrentStatus) VALUES ('137108481891264091046965','Administrator',1264091046965,1264091057122,'39','','137108481891264082724376','137108481891264091022902','Tutorials',1,0)
INSERT INTO Link (LinkID, Author, CreationDate, ModificationDate, LinkType, OriginalID, FromNode, ToNode, Label, Arrow, CurrentStatus) VALUES ('137108481891264091093123','Administrator',1264091093123,1264091093123,'39','','137108481891264091022902','137108481891264082724235','',1,0)
INSERT INTO Link (LinkID, Author, CreationDate, ModificationDate, LinkType, OriginalID, FromNode, ToNode, Label, Arrow, CurrentStatus) VALUES ('137108481891264091130562','Administrator',1264091130562,1264091135921,'39','','137108481891264082724376','137108481891264091123171','Videos',1,0)
INSERT INTO Link (LinkID, Author, CreationDate, ModificationDate, LinkType, OriginalID, FromNode, ToNode, Label, Arrow, CurrentStatus) VALUES ('137108481891264091188204','Administrator',1264091188204,1264091190939,'39','','137108481891264082724376','137108481891264091163907','Guides',1,0)
INSERT INTO Link (LinkID, Author, CreationDate, ModificationDate, LinkType, OriginalID, FromNode, ToNode, Label, Arrow, CurrentStatus) VALUES ('137108481891264091200423','Administrator',1264091200423,1264091200423,'39','','137108481891264091163907','137108481891264082724595','',1,0)
INSERT INTO Link (LinkID, Author, CreationDate, ModificationDate, LinkType, OriginalID, FromNode, ToNode, Label, Arrow, CurrentStatus) VALUES ('137108481891264091741433','Administrator',1264091741433,1264091741433,'39','','137108481891264091163907','137108481891264091714574','',1,0)
INSERT INTO Link (LinkID, Author, CreationDate, ModificationDate, LinkType, OriginalID, FromNode, ToNode, Label, Arrow, CurrentStatus) VALUES ('137108481891264092311706','Administrator',1264092311706,1264092311706,'39','','137108481891264091123171','137108481891264092283222','',1,0)
INSERT INTO Link (LinkID, Author, CreationDate, ModificationDate, LinkType, OriginalID, FromNode, ToNode, Label, Arrow, CurrentStatus) VALUES ('137108481891264093484096','Administrator',1264093484096,1264093484096,'39','','137108481891264091123171','137108481891264093451221','',1,0)
INSERT INTO Link (LinkID, Author, CreationDate, ModificationDate, LinkType, OriginalID, FromNode, ToNode, Label, Arrow, CurrentStatus) VALUES ('137108481891264093490424','Administrator',1264093490424,1264093501284,'39','','137108481891264093451221','137108481891264082724564','used in',1,0)
INSERT INTO Link (LinkID, Author, CreationDate, ModificationDate, LinkType, OriginalID, FromNode, ToNode, Label, Arrow, CurrentStatus) VALUES ('137108481891264162972699','Administrator',1264162972699,1264162972699,'39','','137108481891264082724564','137108481891264162899637','',1,0)
INSERT INTO Link (LinkID, Author, CreationDate, ModificationDate, LinkType, OriginalID, FromNode, ToNode, Label, Arrow, CurrentStatus) VALUES ('137108481891264163715801','Administrator',1264163715801,1264163715801,'39','','137108481891264091163907','137108481891264163712004','',1,0)


INSERT INTO ViewNode (ViewID, NodeID, XPos, YPos, CreationDate, ModificationDate, CurrentStatus, ShowTags, ShowText, ShowTrans, ShowWeight, SmallIcon, HideIcon, LabelWrapWidth, FontSize, FontFace, FontStyle, Foreground, Background) VALUES ('137108481891264082723860','137108481891264082724235',68,339,1264070870068,1264162836903,0,'Y','Y','Y','Y','N','N',25,12,'Dialog',0,-16777216,-1)
INSERT INTO ViewNode (ViewID, NodeID, XPos, YPos, CreationDate, ModificationDate, CurrentStatus, ShowTags, ShowText, ShowTrans, ShowWeight, SmallIcon, HideIcon, LabelWrapWidth, FontSize, FontFace, FontStyle, Foreground, Background) VALUES ('137108481891264082723860','137108481891264082724376',354,35,1264070721460,1264162822684,0,'Y','Y','Y','Y','N','N',25,12,'Dialog',1,-16777216,-1)
INSERT INTO ViewNode (ViewID, NodeID, XPos, YPos, CreationDate, ModificationDate, CurrentStatus, ShowTags, ShowText, ShowTrans, ShowWeight, SmallIcon, HideIcon, LabelWrapWidth, FontSize, FontFace, FontStyle, Foreground, Background) VALUES ('137108481891264082723860','137108481891264082724564',64,581,1264070934239,1264162822684,0,'Y','Y','Y','Y','N','N',25,12,'Dialog',0,-16777216,-1)
INSERT INTO ViewNode (ViewID, NodeID, XPos, YPos, CreationDate, ModificationDate, CurrentStatus, ShowTags, ShowText, ShowTrans, ShowWeight, SmallIcon, HideIcon, LabelWrapWidth, FontSize, FontFace, FontStyle, Foreground, Background) VALUES ('137108481891264082723860','137108481891264082724595',410,449,1264071455459,1264162822684,0,'Y','Y','Y','Y','N','N',20,12,'Dialog',0,-16777216,-1)
INSERT INTO ViewNode (ViewID, NodeID, XPos, YPos, CreationDate, ModificationDate, CurrentStatus, ShowTags, ShowText, ShowTrans, ShowWeight, SmallIcon, HideIcon, LabelWrapWidth, FontSize, FontFace, FontStyle, Foreground, Background) VALUES ('137108481891264082723860','137108481891264082724610',55,459,1264070892021,1264162838715,0,'Y','Y','Y','Y','N','N',25,12,'Dialog',0,-16777216,-1)
INSERT INTO ViewNode (ViewID, NodeID, XPos, YPos, CreationDate, ModificationDate, CurrentStatus, ShowTags, ShowText, ShowTrans, ShowWeight, SmallIcon, HideIcon, LabelWrapWidth, FontSize, FontFace, FontStyle, Foreground, Background) VALUES ('137108481891264082723860','137108481891264082724657',634,210,1264071627085,1264162822684,0,'Y','Y','Y','Y','N','N',25,12,'Dialog',1,-16777216,-1)
INSERT INTO ViewNode (ViewID, NodeID, XPos, YPos, CreationDate, ModificationDate, CurrentStatus, ShowTags, ShowText, ShowTrans, ShowWeight, SmallIcon, HideIcon, LabelWrapWidth, FontSize, FontFace, FontStyle, Foreground, Background) VALUES ('137108481891264082723860','137108481891264091022902',71,202,1264091022902,1264162822669,0,'Y','Y','Y','Y','N','N',25,12,'Dialog',1,-16777216,-1)
INSERT INTO ViewNode (ViewID, NodeID, XPos, YPos, CreationDate, ModificationDate, CurrentStatus, ShowTags, ShowText, ShowTrans, ShowWeight, SmallIcon, HideIcon, LabelWrapWidth, FontSize, FontFace, FontStyle, Foreground, Background) VALUES ('137108481891264082723860','137108481891264091123171',252,213,1264091123171,1264162822669,0,'Y','Y','Y','Y','N','N',25,12,'Dialog',1,-16777216,-1)
INSERT INTO ViewNode (ViewID, NodeID, XPos, YPos, CreationDate, ModificationDate, CurrentStatus, ShowTags, ShowText, ShowTrans, ShowWeight, SmallIcon, HideIcon, LabelWrapWidth, FontSize, FontFace, FontStyle, Foreground, Background) VALUES ('137108481891264082723860','137108481891264091163907',449,222,1264091163907,1264162822669,0,'Y','Y','Y','Y','N','N',25,12,'Dialog',1,-16777216,-1)
INSERT INTO ViewNode (ViewID, NodeID, XPos, YPos, CreationDate, ModificationDate, CurrentStatus, ShowTags, ShowText, ShowTrans, ShowWeight, SmallIcon, HideIcon, LabelWrapWidth, FontSize, FontFace, FontStyle, Foreground, Background) VALUES ('137108481891264082723860','137108481891264091714574',499,402,1264091714574,1264163791430,0,'Y','Y','Y','Y','N','N',20,12,'Dialog',0,-16777216,-1)
INSERT INTO ViewNode (ViewID, NodeID, XPos, YPos, CreationDate, ModificationDate, CurrentStatus, ShowTags, ShowText, ShowTrans, ShowWeight, SmallIcon, HideIcon, LabelWrapWidth, FontSize, FontFace, FontStyle, Foreground, Background) VALUES ('137108481891264082723860','137108481891264092283222',351,345,1264092283222,1264162822653,0,'Y','Y','Y','Y','N','N',25,12,'Dialog',0,-16777216,-1)
INSERT INTO ViewNode (ViewID, NodeID, XPos, YPos, CreationDate, ModificationDate, CurrentStatus, ShowTags, ShowText, ShowTrans, ShowWeight, SmallIcon, HideIcon, LabelWrapWidth, FontSize, FontFace, FontStyle, Foreground, Background) VALUES ('137108481891264082723860','137108481891264093451221',241,582,1264093451221,1264162822653,0,'Y','Y','Y','Y','N','N',25,12,'Dialog',0,-16777216,-1)
INSERT INTO ViewNode (ViewID, NodeID, XPos, YPos, CreationDate, ModificationDate, CurrentStatus, ShowTags, ShowText, ShowTrans, ShowWeight, SmallIcon, HideIcon, LabelWrapWidth, FontSize, FontFace, FontStyle, Foreground, Background) VALUES ('137108481891264082723860','137108481891264162899637',62,716,1264162899637,1264162977355,0,'Y','Y','Y','Y','N','N',25,12,'Dialog',0,-16777216,-1)
INSERT INTO ViewNode (ViewID, NodeID, XPos, YPos, CreationDate, ModificationDate, CurrentStatus, ShowTags, ShowText, ShowTrans, ShowWeight, SmallIcon, HideIcon, LabelWrapWidth, FontSize, FontFace, FontStyle, Foreground, Background) VALUES ('137108481891264082723860','137108481891264163712004',606,344,1264163712004,1264163840416,0,'Y','Y','Y','Y','N','N',25,12,'Dialog',0,-16777216,-1)

INSERT INTO NodeUserState (NodeID, UserID, State) VALUES ('1282093118916762292406','1234567890',2)
INSERT INTO NodeUserState (NodeID, UserID, State) VALUES ('137108481891264082723860','1234567890',2)
INSERT INTO NodeUserState (NodeID, UserID, State) VALUES ('137108481891264082724235','1234567890',2)
INSERT INTO NodeUserState (NodeID, UserID, State) VALUES ('137108481891264082724376','1234567890',2)
INSERT INTO NodeUserState (NodeID, UserID, State) VALUES ('137108481891264082724564','1234567890',2)
INSERT INTO NodeUserState (NodeID, UserID, State) VALUES ('137108481891264082724595','1234567890',2)
INSERT INTO NodeUserState (NodeID, UserID, State) VALUES ('137108481891264082724610','1234567890',2)
INSERT INTO NodeUserState (NodeID, UserID, State) VALUES ('137108481891264082724657','1234567890',2)
INSERT INTO NodeUserState (NodeID, UserID, State) VALUES ('137108481891264091022902','1234567890',2)
INSERT INTO NodeUserState (NodeID, UserID, State) VALUES ('137108481891264091123171','1234567890',2)
INSERT INTO NodeUserState (NodeID, UserID, State) VALUES ('137108481891264091163907','1234567890',2)
INSERT INTO NodeUserState (NodeID, UserID, State) VALUES ('137108481891264091714574','1234567890',2)
INSERT INTO NodeUserState (NodeID, UserID, State) VALUES ('137108481891264092283222','1234567890',2)
INSERT INTO NodeUserState (NodeID, UserID, State) VALUES ('137108481891264093451221','1234567890',2)
INSERT INTO NodeUserState (NodeID, UserID, State) VALUES ('137108481891264162899637','1234567890',2)
INSERT INTO NodeUserState (NodeID, UserID, State) VALUES ('137108481891264163712004','1234567890',2)



INSERT INTO ViewLink (ViewID, LinkID, CreationDate, ModificationDate, CurrentStatus) VALUES ('137108481891264082723860','137108481891264082724845',1264082724845,1264082724845,0)
INSERT INTO ViewLink (ViewID, LinkID, CreationDate, ModificationDate, CurrentStatus) VALUES ('137108481891264082723860','137108481891264082724892',1264082724892,1264082724892,0)
INSERT INTO ViewLink (ViewID, LinkID, CreationDate, ModificationDate, CurrentStatus) VALUES ('137108481891264082723860','137108481891264082724954',1264082724954,1264082724954,0)
INSERT INTO ViewLink (ViewID, LinkID, CreationDate, ModificationDate, CurrentStatus) VALUES ('137108481891264082723860','137108481891264091046965',1264091046997,1264091046997,0)
INSERT INTO ViewLink (ViewID, LinkID, CreationDate, ModificationDate, CurrentStatus) VALUES ('137108481891264082723860','137108481891264091093123',1264091093123,1264091093123,0)
INSERT INTO ViewLink (ViewID, LinkID, CreationDate, ModificationDate, CurrentStatus) VALUES ('137108481891264082723860','137108481891264091130562',1264091130577,1264091130577,0)
INSERT INTO ViewLink (ViewID, LinkID, CreationDate, ModificationDate, CurrentStatus) VALUES ('137108481891264082723860','137108481891264091188204',1264091188204,1264091188204,0)
INSERT INTO ViewLink (ViewID, LinkID, CreationDate, ModificationDate, CurrentStatus) VALUES ('137108481891264082723860','137108481891264091200423',1264091200423,1264091200423,0)
INSERT INTO ViewLink (ViewID, LinkID, CreationDate, ModificationDate, CurrentStatus) VALUES ('137108481891264082723860','137108481891264091741433',1264091741433,1264091741433,0)
INSERT INTO ViewLink (ViewID, LinkID, CreationDate, ModificationDate, CurrentStatus) VALUES ('137108481891264082723860','137108481891264092311706',1264092311706,1264092311706,0)
INSERT INTO ViewLink (ViewID, LinkID, CreationDate, ModificationDate, CurrentStatus) VALUES ('137108481891264082723860','137108481891264093484096',1264093484096,1264093484096,0)
INSERT INTO ViewLink (ViewID, LinkID, CreationDate, ModificationDate, CurrentStatus) VALUES ('137108481891264082723860','137108481891264093490424',1264093490424,1264093490424,0)
INSERT INTO ViewLink (ViewID, LinkID, CreationDate, ModificationDate, CurrentStatus) VALUES ('137108481891264082723860','137108481891264162972699',1264162972699,1264162972699,0)
INSERT INTO ViewLink (ViewID, LinkID, CreationDate, ModificationDate, CurrentStatus) VALUES ('137108481891264082723860','137108481891264163715801',1264163715801,1264163715801,0)


INSERT INTO CodeGroup (CodeGroupID, Author, Name, Description, CreationDate, ModificationDate) VALUES ('137108541361194622195292','Administrator','Learning design sub-types','',1194622195292,1194622195292)
INSERT INTO CodeGroup (CodeGroupID, Author, Name, Description, CreationDate, ModificationDate) VALUES ('137108541361203436027328','Administrator','Learning design','',1203436027328,1203436027328)
INSERT INTO CodeGroup (CodeGroupID, Author, Name, Description, CreationDate, ModificationDate) VALUES ('137108541361203436092976','Administrator','Learning design conditions','',1203436092976,1203436092976)

INSERT INTO GroupCode (CodeID, CodeGroupID, Author, CreationDate, ModificationDate) VALUES ('137108541361193929104888','137108541361194622195292','Administrator',1194622215930,1194622215930)
INSERT INTO GroupCode (CodeID, CodeGroupID, Author, CreationDate, ModificationDate) VALUES ('137108541361193929096424','137108541361194622195292','Administrator',1194622215930,1194622215930)
INSERT INTO GroupCode (CodeID, CodeGroupID, Author, CreationDate, ModificationDate) VALUES ('137108541361193929086804','137108541361194622195292','Administrator',1194622215930,1194622215930)
INSERT INTO GroupCode (CodeID, CodeGroupID, Author, CreationDate, ModificationDate) VALUES ('137108541361214230387988','137108541361194622195292','Administrator',1194622215930,1194622215930)
INSERT INTO GroupCode (CodeID, CodeGroupID, Author, CreationDate, ModificationDate) VALUES ('137108541361193928941913','137108541361194622195292','Administrator',1194622228175,1194622228175)
INSERT INTO GroupCode (CodeID, CodeGroupID, Author, CreationDate, ModificationDate) VALUES ('137108541361193929054588','137108541361194622195292','Administrator',1194622228175,1194622228175)
INSERT INTO GroupCode (CodeID, CodeGroupID, Author, CreationDate, ModificationDate) VALUES ('137108541361193929044672','137108541361194622195292','Administrator',1194622228175,1194622228175)
INSERT INTO GroupCode (CodeID, CodeGroupID, Author, CreationDate, ModificationDate) VALUES ('137108541361193929030117','137108541361194622195292','Administrator',1194622228175,1194622228175)
INSERT INTO GroupCode (CodeID, CodeGroupID, Author, CreationDate, ModificationDate) VALUES ('137108541361193929020138','137108541361194622195292','Administrator',1194622228175,1194622228175)
INSERT INTO GroupCode (CodeID, CodeGroupID, Author, CreationDate, ModificationDate) VALUES ('137108541361193929010689','137108541361194622195292','Administrator',1194622228175,1194622228175)
INSERT INTO GroupCode (CodeID, CodeGroupID, Author, CreationDate, ModificationDate) VALUES ('137108541361193929001538','137108541361194622195292','Administrator',1194622228175,1194622228175)
INSERT INTO GroupCode (CodeID, CodeGroupID, Author, CreationDate, ModificationDate) VALUES ('137108541361193928982735','137108541361194622195292','Administrator',1194622228175,1194622228175)
INSERT INTO GroupCode (CodeID, CodeGroupID, Author, CreationDate, ModificationDate) VALUES ('137108541361202921218680','137108541361194622195292','Administrator',1202921245709,1202921245709)
INSERT INTO GroupCode (CodeID, CodeGroupID, Author, CreationDate, ModificationDate) VALUES ('169254221183024392174','137108541361203436027328','Administrator',1203436071068,1203436071068)
INSERT INTO GroupCode (CodeID, CodeGroupID, Author, CreationDate, ModificationDate) VALUES ('169254221183024468509','137108541361203436027328','Administrator',1203436071068,1203436071068)
INSERT INTO GroupCode (CodeID, CodeGroupID, Author, CreationDate, ModificationDate) VALUES ('169254221183024509828','137108541361203436027328','Administrator',1203436071068,1203436071068)
INSERT INTO GroupCode (CodeID, CodeGroupID, Author, CreationDate, ModificationDate) VALUES ('169254221183024535695','137108541361203436027328','Administrator',1203436071068,1203436071068)
INSERT INTO GroupCode (CodeID, CodeGroupID, Author, CreationDate, ModificationDate) VALUES ('137108541361182247437407','137108541361203436027328','Administrator',1203436071068,1203436071068)
INSERT INTO GroupCode (CodeID, CodeGroupID, Author, CreationDate, ModificationDate) VALUES ('169254221183024627481','137108541361203436027328','Administrator',1203436071068,1203436071068)
INSERT INTO GroupCode (CodeID, CodeGroupID, Author, CreationDate, ModificationDate) VALUES ('169254221183024494032','137108541361203436027328','Administrator',1203436071068,1203436071068)
INSERT INTO GroupCode (CodeID, CodeGroupID, Author, CreationDate, ModificationDate) VALUES ('137108541361201866804668','137108541361203436092976','Administrator',1203436103900,1203436103900)
INSERT INTO GroupCode (CodeID, CodeGroupID, Author, CreationDate, ModificationDate) VALUES ('137108541361201866804715','137108541361203436092976','Administrator',1203436103900,1203436103900)
INSERT INTO GroupCode (CodeID, CodeGroupID, Author, CreationDate, ModificationDate) VALUES ('137108541361201866804762','137108541361203436092976','Administrator',1203436103900,1203436103900)
INSERT INTO GroupCode (CodeID, CodeGroupID, Author, CreationDate, ModificationDate) VALUES ('137108541361201188198715','137108541361203436027328','Administrator',1203436116776,1203436116776)
INSERT INTO GroupCode (CodeID, CodeGroupID, Author, CreationDate, ModificationDate) VALUES ('137108541361214844076984','137108541361194622195292','Administrator',1194622215930,1194622215930)
INSERT INTO GroupCode (CodeID, CodeGroupID, Author, CreationDate, ModificationDate) VALUES ('137108541361214844172527','137108541361194622195292','Administrator',1194622215930,1194622215930)

INSERT INTO ViewProperty (UserID, ViewID, HorizontalScroll, VerticalScroll, Width, Height, XPosition, YPosition, IsIcon, IsMaximum, ShowTags, ShowText, ShowTrans, ShowWeight, SmallIcons, HideIcons, LabelLength, LabelWidth, FontSize, FontFace, FontStyle) VALUES ('1234567890','137108481891264082723860',0,35,500,500,24,24,'N','Y','N','N','N','N','N','N',100,15,12,'Arial',0)


INSERT INTO NodeDetail (NodeID, Author, PageNo, CreationDate, ModificationDate, Detail) VALUES ('137108481891264082723860','Administrator',1,1264082724142,1264082724142,'')
INSERT INTO NodeDetail (NodeID, Author, PageNo, CreationDate, ModificationDate, Detail) VALUES ('137108481891264082724235','Administrator',1,1264082724282,1264082724282,'')
INSERT INTO NodeDetail (NodeID, Author, PageNo, CreationDate, ModificationDate, Detail) VALUES ('137108481891264082724376','Administrator',1,1264082724517,1264082724517,'')
INSERT INTO NodeDetail (NodeID, Author, PageNo, CreationDate, ModificationDate, Detail) VALUES ('137108481891264082724564','Administrator',1,1264082724564,1264082724564,'')
INSERT INTO NodeDetail (NodeID, Author, PageNo, CreationDate, ModificationDate, Detail) VALUES ('137108481891264082724595','Administrator',1,1264082724610,1264082724610,'')
INSERT INTO NodeDetail (NodeID, Author, PageNo, CreationDate, ModificationDate, Detail) VALUES ('137108481891264082724610','Administrator',1,1264082724626,1264082724626,'')
INSERT INTO NodeDetail (NodeID, Author, PageNo, CreationDate, ModificationDate, Detail) VALUES ('137108481891264082724657','Administrator',1,1264082724673,1264082724673,'')
INSERT INTO NodeDetail (NodeID, Author, PageNo, CreationDate, ModificationDate, Detail) VALUES ('137108481891264092283222','Administrator',1,1264092377816,1264092377816,'A slide and video show hosted on Sldeshare and Youtube containing 14 slides and 6 minutes 30 seconds ov video.')
